fighter_id,name,birthdate,aka,associations,class_weight,wins,losses,draws,wins_by_ko_tko,wins_by_submission,wins_by_decision,wins_by_other,losses_by_ko_tko,losses_by_submission,losses_by_decision,losses_by_other,country,city,weight (lbs),sex,height,height (cm)
25af851b88624f97b5649444bfdc7697,Ailin Perez,1994-10-05,Fiona,['The Goat Shed Academy'],Bantamweight,10.0,2.0,0.0,4.0,1.0,5.0,0.0,0.0,1.0,0.0,1.0,Argentina,"Hurlingham, Buenos Aires",135.0,F,5.5,167.64
b678bc9b641d40459a9c3dc7f59da089,Joselyne Edwards,1995-09-29,La Pantera,['Kings MMA'],Bantamweight,13.0,6.0,0.0,5.0,3.0,5.0,0.0,0.0,1.0,5.0,0.0,Panama,Panama City,135.0,F,5.6,170.69
a75b9074e2b347ca808d89e9a7f120b9,Ming Shi,1994-11-14,Bunny Bomb,['China Catch Wrestling'],Strawweight,15.0,5.0,0.0,1.0,6.0,8.0,0.0,1.0,1.0,3.0,0.0,China,Hebei,116.0,F,5.3,161.54
c49a867c738443d6b1ae391b8b6c540d,Ye Dam Seo,1992-03-20,,['Paraestra Cheongju'],Strawweight,7.0,4.0,0.0,1.0,3.0,3.0,0.0,1.0,0.0,3.0,0.0,South Korea,"Cheongju, Chungcheongbuk",116.0,F,5.4,164.59
81b78bba386d44f9a5b56505da92edfa,Tabatha Ricci,1995-02-21,Baby Shark,['Brazilian Thai'],Strawweight,10.0,2.0,0.0,1.0,3.0,6.0,0.0,1.0,0.0,1.0,0.0,Brazil,"Aracatuba, Sao Paulo",115.0,F,5.2,158.5
7990591e1606415fa4e9e8bfeeddf776,Tecia Pennington,1989-08-16,The Tiny Tornado,['American Top Team'],Strawweight,13.0,7.0,0.0,1.0,1.0,11.0,0.0,0.0,0.0,7.0,0.0,United States,"Fort Lauderdale, Florida",115.0,F,5.1,155.45
61a8c44a25c3496a8a9e39c34d373a1c,Veronica Hardy,1995-10-30,,['MMA Factory'],Flyweight,9.0,4.0,0.0,1.0,2.0,6.0,0.0,1.0,1.0,2.0,0.0,Venezuela,"Caracas, Capital District",125.0,F,5.3,161.54
14f8d051d3be4c81a13c018108fe0f60,J.J. Aldrich,1992-06-11,,"['Freedom Fighters', '303 Training Center']",Flyweight,13.0,7.0,0.0,3.0,0.0,10.0,0.0,1.0,2.0,4.0,0.0,United States,"Westminster, Colorado",125.0,F,5.5,167.64
9ad033b37da542f99ea2d9e06ee0e414,Iasmin Lucindo,2002-01-08,,['Fight House'],Strawweight,16.0,5.0,0.0,8.0,3.0,5.0,0.0,1.0,2.0,2.0,0.0,Brazil,"Fortaleza, Ceara",115.0,F,5.4,164.59
d802e4d52ed34187a706f75d0b91ca03,Karolina Kowalkiewicz,1985-10-15,,['American Top Team'],Strawweight,16.0,8.0,0.0,1.0,3.0,12.0,0.0,1.0,2.0,5.0,0.0,Poland,Lodz,116.0,F,5.3,161.54
5069db4568024afbaca60ae293ff7b75,Dione Barbosa,1992-05-08,The Witch,['Kings MMA'],Flyweight,7.0,2.0,0.0,0.0,3.0,4.0,0.0,1.0,0.0,1.0,0.0,Brazil,"Recife, Pernambuco",125.0,F,5.6,170.69
2ec0e7edda9b4542a9212adf03efb503,Ernesta Kareckaite,1998-07-05,Heavy-Handed,['Fighters Land'],Flyweight,5.0,1.0,0.0,2.0,0.0,3.0,0.0,0.0,0.0,1.0,0.0,Lithuania,Kaunas,125.0,F,5.9,179.83
9c1867d2d78d42af98a2ca9790b35c7f,Karine Silva,1993-12-02,Killer,['Gile Ribeiro Team'],Flyweight,18.0,4.0,0.0,9.0,8.0,1.0,0.0,1.0,2.0,1.0,0.0,Brazil,"Dourados, Mato Grosso do Sul",125.0,F,5.4,164.59
eebe18e46ee34abe82e2abfa2b4d79b0,Ariane Lipski,1994-01-26,The Queen,"['Lioness MMA', 'Rasthai Temple']",Flyweight,17.0,9.0,0.0,6.0,4.0,7.0,0.0,4.0,0.0,5.0,0.0,Brazil,"Curitiba, Parana",125.0,F,5.6,170.69
1d6b47eefc5f42d4aea8c7e281934dce,Ketlen Souza,1994-08-18,Esquentadinha,['Carioca Academy'],Strawweight,14.0,4.0,0.0,8.0,1.0,5.0,0.0,2.0,2.0,0.0,0.0,Brazil,"Manaus, Amazonas",115.0,F,5.2,158.5
d988d479ac9942a8831a4e8b49e02ad1,Marnic Mann,1993-03-05,The Sawed-Off Savage,['SBG Kalispell'],Strawweight,6.0,3.0,0.0,3.0,1.0,2.0,0.0,1.0,0.0,2.0,0.0,United States,"Kalispell, Montana",115.0,F,5.0,152.4
a1af603a109244df90165d3ac10ad37d,Ivana Petrovic,1994-06-11,,['Valhall Gym'],Flyweight,7.0,1.0,0.0,3.0,3.0,1.0,0.0,0.0,0.0,1.0,0.0,Norway,Tonsberg,125.0,F,5.8,176.78
a04a64f4f83d48098213c0e63af06965,Na Liang,1996-07-27,Dragon Girl,['Longyun MMA Gym'],Flyweight,19.0,8.0,0.0,7.0,10.0,0.0,2.0,4.0,3.0,1.0,0.0,China,Heilongjiang,125.0,F,5.9,179.83
d92e3640fc9048218ae9e1e4bf794f44,Weili Zhang,1989-08-13,Magnum,['Fight Ready'],Strawweight,25.0,3.0,0.0,11.0,8.0,6.0,0.0,1.0,0.0,2.0,0.0,China,"Handan, Hebei",115.0,F,5.4,164.59
205b0f84577b4c37ae7ab4c2d57ec1dd,Xiaonan Yan,1989-06-16,Fury,['Team Alpha Male'],Strawweight,18.0,4.0,1.0,8.0,1.0,9.0,0.0,1.0,1.0,2.0,0.0,China,"Shenyang, Liaoning",115.0,F,5.5,167.64
0e9365cda5ca4f66b4ab454336215a1f,Kayla Harrison,1990-07-02,,['American Top Team'],Bantamweight,17.0,1.0,0.0,6.0,7.0,4.0,0.0,0.0,0.0,1.0,0.0,United States,"Middletown, Ohio",135.0,F,5.8,176.78
51600d4b3e2f4fa49210d64f9562d873,Holly Holm,1981-10-17,The Preacher's Daughter,['Jackson-Wink MMA'],Bantamweight,15.0,7.0,1.0,8.0,0.0,7.0,0.0,1.0,2.0,4.0,0.0,United States,"Albuquerque, New Mexico",135.0,F,5.8,176.78
b54c5dfc968b4259ab7ad5a399b66833,Jessica Andrade,1991-09-25,Bate Estaca,['Parana Vale Tudo'],Strawweight,26.0,12.0,0.0,10.0,8.0,8.0,0.0,5.0,4.0,3.0,0.0,Brazil,"Umuarama, Parana",115.0,F,5.2,158.5
ee4aa2ef37da4bd4af70f9e473cbc68a,Marina Rodriguez,1987-04-29,,['Thai Brasil'],Strawweight,17.0,4.0,0.0,7.0,1.0,9.0,0.0,1.0,0.0,3.0,0.0,Brazil,"Bage, Rio Grande do Sul",115.0,F,5.7,173.74
5d03496135a94659a571985a0ed608e7,Norma Dumont,1990-10-01,The Immortal,['Team Rules'],Bantamweight,11.0,2.0,0.0,0.0,2.0,9.0,0.0,1.0,0.0,1.0,0.0,Brazil,"Belo Horizonte, Minas Gerais",135.0,F,5.7,173.74
7853f4edbdea44f28cf91644952326b0,Germaine de Randamie,1984-04-24,The Iron Lady,['American Kickboxing Academy'],Bantamweight,10.0,5.0,0.0,4.0,1.0,5.0,0.0,1.0,1.0,3.0,0.0,Netherlands,Utrecht,135.0,F,5.9,179.83
c4926b61bd73445fbbd0f29663785644,Nora Cornolle,1989-12-06,Wonder,['Team Cornolle'],Featherweight,8.0,1.0,0.0,6.0,1.0,1.0,0.0,0.0,0.0,1.0,0.0,France,Epinay-sur-Seine,139.0,F,5.7,173.74
ac9a7f9deb724866a298bd654cb05d26,Melissa Mullins,1991-07-23,No Mess,['Lions Gym Coventry'],Featherweight,6.0,1.0,0.0,3.0,0.0,3.0,0.0,1.0,0.0,0.0,0.0,England,Coventry,138.0,F,5.7,173.74
31fd84b5f8584c749e9ac3e4eebb399c,Manon Fiorot,1990-02-17,The Beast,['Boxing Squad'],Flyweight,12.0,1.0,0.0,6.0,0.0,6.0,0.0,0.0,0.0,1.0,0.0,France,Nice,125.0,F,5.7,173.74
1ef81bb1a07546feb8902af800c2ac77,Erin Blanchfield,1999-05-04,Cold Blooded,['Renzo Gracie Jiu-Jitsu'],Flyweight,12.0,2.0,0.0,2.0,4.0,6.0,0.0,0.0,0.0,2.0,0.0,United States,"Elmwood Park, New Jersey",125.0,F,5.4,164.59
9c430152a3f84c5aae858d6c94dedeb2,Virna Jandiroba,1988-05-30,Carcara,"['Fight House', 'Team Velame']",Strawweight,20.0,3.0,0.0,1.0,13.0,6.0,0.0,0.0,0.0,3.0,0.0,Brazil,"Serrinha, Bahia",115.0,F,5.3,161.54
661a9d72e85a4bd3b743c68db4c1129a,Lupita Godinez,1993-09-06,Loopy,['Lobo Gym MMA'],Strawweight,12.0,4.0,0.0,1.0,2.0,9.0,0.0,0.0,0.0,4.0,0.0,Mexico,Aguascalientes,115.0,F,5.2,158.5
d7a7fbb6ad824d579abd693d870d9732,Rose Namajunas,1992-06-29,Thug,['303 Training Center'],Flyweight,12.0,6.0,0.0,2.0,5.0,5.0,0.0,1.0,1.0,4.0,0.0,United States,"Milwaukee, Wisconsin",125.0,F,5.5,167.64
e8d8be4646db460285c8ea78b1cb0dc5,Amanda Ribas,1993-08-26,,['Marcelo Ribas Team'],Flyweight,12.0,5.0,0.0,3.0,4.0,5.0,0.0,3.0,0.0,2.0,0.0,Brazil,"Varginha, Minas Gerais",125.0,F,5.4,164.59
e11c85f7deab4bf0aa69e29176be7790,Dariya Zheleznyakova,1996-01-23,,['Raty Team'],Bantamweight,9.0,1.0,0.0,5.0,0.0,4.0,0.0,1.0,0.0,0.0,0.0,Russia,St. Petersburg,135.0,F,5.9,179.83
3dc703ae03694e2b9c4b4f887fed9d95,Montserrat Rendon,1989-03-16,Monster,['ECR Fight Center'],Bantamweight,6.0,1.0,0.0,0.0,0.0,6.0,0.0,0.0,0.0,1.0,0.0,Mexico,"Cancun, Quintana Roo",135.0,F,5.8,176.78
f444590bf4f54121a6532e811b179954,Maycee Barber,1998-05-18,The Future,['Team Alpha Male'],Flyweight,14.0,2.0,0.0,6.0,2.0,6.0,0.0,0.0,0.0,2.0,0.0,United States,"Greeley, Colorado",125.0,F,5.5,167.64
4f80e83e75124433b7652485b10cc583,Katlyn Cerminara,1988-12-28,Blonde Fighter,"['Team Renzo Gracie', 'AllStar BJJ']",Flyweight,18.0,6.0,0.0,2.0,1.0,15.0,0.0,2.0,0.0,4.0,0.0,United States,"Jersey City, New Jersey",125.0,F,5.9,179.83
6516840edd3f4e1b85047fd2bb6cabe1,Joanne Wood,1985-12-23,JoJo,['Syndicate MMA'],Flyweight,17.0,8.0,0.0,5.0,1.0,11.0,0.0,0.0,5.0,3.0,0.0,Scotland,Glasgow,125.0,F,5.6,170.69
54661ae5c98646d8ac4e7185a0f413aa,Maryna Moroz,1991-09-08,The Iron Lady,['American Top Team'],Flyweight,11.0,6.0,0.0,1.0,6.0,4.0,0.0,0.0,1.0,5.0,0.0,Ukraine,Vilnohirsk,125.0,F,5.7,173.74
0cd8035447f74f6981850bc7b04e3a99,Yazmin Jauregui,1999-02-28,,['Entram Gym'],Strawweight,11.0,1.0,0.0,7.0,0.0,4.0,0.0,1.0,0.0,0.0,0.0,Mexico,Baja California,115.0,F,5.3,161.54
713f48ca5969495a9b6e51c66aada1a4,Sam Hughes,1992-06-28,Sampage,['Fortis MMA'],Strawweight,8.0,6.0,0.0,2.0,3.0,3.0,0.0,1.0,1.0,4.0,0.0,United States,"Davenport, Iowa",115.0,F,5.5,167.64
18bd70d368174214b997b57f02312c46,Amanda Lemos,1987-05-22,Amandinha,['Marajo Brothers Team'],Strawweight,14.0,3.0,0.0,8.0,3.0,3.0,0.0,1.0,1.0,1.0,0.0,Brazil,"Belem, Para",115.0,F,5.4,164.59
256d752fc8844ff3a9c4b3a3bf2d16be,Mackenzie Dern,1993-03-24,,['RVCA'],Strawweight,13.0,5.0,0.0,0.0,7.0,6.0,0.0,1.0,0.0,4.0,0.0,United States,"Phoenix, Arizona",115.0,F,5.4,164.59
c6e946b2ba2745f58b8a818243937102,Miranda Maverick,1997-07-01,Fear The,['Elevation Fight Team'],Flyweight,13.0,5.0,0.0,1.0,7.0,5.0,0.0,0.0,0.0,5.0,0.0,United States,"Springfield, Missouri",125.0,F,5.3,161.54
1a90e63492a1459c80e1810e2c3fe055,Andrea Lee,1989-02-11,KGB,['Karate Mafia'],Flyweight,13.0,9.0,0.0,3.0,5.0,5.0,0.0,0.0,1.0,8.0,0.0,United States,"Shreveport, Louisiana",125.0,F,5.6,170.69
332321af1bdb49d0b3986778d5b7a845,Konklak Suphisara,1996-01-18,Loma Lookboonmee,['Tiger Muay Thai'],Strawweight,9.0,3.0,0.0,1.0,1.0,7.0,0.0,0.0,1.0,2.0,0.0,Thailand,Buriram,115.0,F,5.1,155.45
0142346563b34c6f8d317651c6ff855b,Bruna Brasil,1993-09-07,The Special One,"['Insanis MMA 013', 'The Fighting Nerds']",Strawweight,9.0,4.0,0.0,3.0,2.0,4.0,0.0,3.0,0.0,1.0,0.0,Brazil,"Paranavai, Parana",115.0,F,5.6,170.69
b5cf0c2e0d30423aa96bc800c8ca8a40,Natalia Silva,1997-02-03,,['Team Borracha'],Flyweight,17.0,5.0,0.0,5.0,7.0,4.0,1.0,1.0,2.0,2.0,0.0,Brazil,"Timoteo, Minas Gerais",125.0,F,5.5,167.64
6bb9511b5e0d4a0cbcee60c3892e99e5,Viviane Araujo,1986-11-21,Vivi,"['Cerrado MMA', 'Companhia Athletica']",Flyweight,12.0,6.0,0.0,3.0,4.0,5.0,0.0,1.0,0.0,5.0,0.0,Brazil,"Ceilandia, Federal District",125.0,F,5.5,167.64
d02eca175c0c46cd8c175472893e7c37,Molly McCann,1990-05-04,Meatball,['Next Generation MMA Liverpool'],Strawweight,14.0,6.0,0.0,6.0,1.0,7.0,0.0,0.0,3.0,3.0,0.0,England,"Liverpool, Merseyside",116.0,F,5.4,164.59
4e048f1d14ff499e8cab431b8093c2be,Diana Belbita,1996-06-26,Warrior Princess,['House of Champions MMA'],Strawweight,15.0,9.0,0.0,6.0,4.0,5.0,0.0,0.0,5.0,4.0,0.0,Romania,Drobeta,115.0,F,5.7,173.74
a58de54ad304469bad62ed393eb5c341,Luana Carolina,1993-06-11,Dread,"['Capital da Luta', 'Team Lucas Mineiro']",Bantamweight,10.0,4.0,0.0,3.0,1.0,6.0,0.0,1.0,1.0,2.0,0.0,Brazil,"Sao Paulo, Sao Paulo",128.0,F,5.7,173.74
f871bd37de68482dac16989dc0ea236e,Julija Stoliarenko,1993-04-08,,['Fighter House'],Flyweight,11.0,8.0,0.0,0.0,10.0,1.0,0.0,4.0,1.0,3.0,0.0,Lithuania,Kaunas,125.0,F,5.7,173.74
dbc01245ff4a4ef38d6f0bdd7077336e,Raquel Pennington,1988-09-05,Rocky,['Altitude MMA'],Bantamweight,16.0,8.0,0.0,1.0,4.0,11.0,0.0,1.0,1.0,6.0,0.0,United States,"Colorado Springs, Colorado",135.0,F,5.7,173.74
197681eb5b2e4be398d69c7ce0d385c7,Mayra Bueno Silva,1991-08-22,Sheetara,['American Top Team'],Bantamweight,10.0,3.0,1.0,1.0,7.0,2.0,0.0,0.0,0.0,3.0,0.0,Brazil,"Uberlandia, Minas Gerais",135.0,F,5.7,173.74
cfb51144fb2c4e8badb27188509e99a3,Gillian Robertson,1996-07-04,,['Burlington Training Centre'],Bantamweight,10.0,2.0,0.0,7.0,1.0,2.0,0.0,0.0,0.0,2.0,0.0,Canada,"Burlington, Ontario",135.0,F,5.1,155.45
c2592701f66d4da6b83bd11899672ed2,Polyana Viana,1992-06-14,,['Chute Boxe Diego Lima'],Strawweight,13.0,7.0,0.0,5.0,8.0,0.0,0.0,1.0,2.0,4.0,0.0,Brazil,"Sao Geraldo do Araguaia, Para",115.0,F,5.7,173.74
2de536be940941feb354eee3c52770c6,Jasmine Jasudavicius,1989-03-01,,['Niagara Top Team'],Bantamweight,10.0,3.0,0.0,2.0,2.0,6.0,0.0,0.0,0.0,3.0,0.0,Canada,"St. Catharines, Ontario",133.0,F,5.7,173.74
07cf40b4ebda4cfc9101f4c66ec25841,Priscila Cachoeira,1988-08-19,Zombie Girl,['MMA Masters'],Bantamweight,12.0,6.0,0.0,7.0,0.0,5.0,0.0,0.0,4.0,2.0,0.0,Brazil,"Rio de Janeiro, Rio de Janeiro",134.0,F,5.7,173.74
0d4574ba9fc5438ba8ace9e68df5d92e,Irene Aldana,1988-03-26,,['Lobo Gym MMA'],Bantamweight,15.0,7.0,0.0,8.0,3.0,4.0,0.0,2.0,0.0,5.0,0.0,Mexico,"Guadalajara, Jalisco",135.0,F,5.9,179.83
fc3e582010d04a938bc67da2ef460aa6,Karol Rosa,1994-12-30,,['Parana Vale Tudo'],Bantamweight,17.0,6.0,0.0,4.0,2.0,11.0,0.0,0.0,2.0,4.0,0.0,Brazil,"Vila Velha, Espirito Santo",135.0,F,5.7,173.74
95e6dbfef2ab4c20b9992b811f4bfe69,Casey O'Neill,1986-08-19,Boom,['Maxum BJJ'],Bantamweight,24.0,15.0,0.0,8.0,10.0,6.0,0.0,2.0,8.0,5.0,0.0,United States,"Selden, New York",135.0,F,5.6,170.69
1ee3949e2cc748b9ae8b7e2d6fc759a8,Luana Santos,2000-04-16,,"['011 MMA', 'Team Lucas Mineiro']",Featherweight,7.0,1.0,0.0,1.0,3.0,3.0,0.0,0.0,0.0,1.0,0.0,Brazil,"Sao Paulo, Sao Paulo",139.0,F,5.6,170.69
cff5d1ab1b014c82822ae03f9f11a63e,Stephanie Egger,1988-08-12,,['Buddy Gym'],Bantamweight,8.0,5.0,0.0,3.0,4.0,1.0,0.0,0.0,2.0,3.0,0.0,Switzerland,St. Gallen,135.0,F,5.7,173.74
0f8ffdfb1803409098ef172f4e934659,Talita Alencar,1990-10-17,The Problem Child,"['Temple Martial Arts', 'Fight Sports Deerfield Beach']",Strawweight,5.0,0.0,0.0,0.0,3.0,2.0,0.0,0.0,0.0,0.0,0.0,Brazil,"Carutapera, Maranhao",115.0,F,5.1,155.45
397e267d73de484695bca1eac8894e8e,Rayanne dos Santos,1995-06-08,,['Marajo Brothers'],Strawweight,14.0,7.0,0.0,2.0,8.0,4.0,0.0,1.0,1.0,5.0,0.0,Brazil,"Belem, Para",115.0,F,5.3,161.54
f90522cfbc2c44449569c6f902311187,Miesha Tate,1986-08-18,Cupcake,['Xtreme Couture'],Bantamweight,20.0,9.0,0.0,4.0,8.0,8.0,0.0,2.0,3.0,4.0,0.0,United States,"Tacoma, Washington",136.0,F,5.6,170.69
58bdb1f8cc2e4a67addc4f172f007e88,Julia Avila,1988-05-11,Raging Panda,"['All Powers Fitness and Fighting', 'Junkyard Dogs Fight Team']",Bantamweight,9.0,3.0,0.0,4.0,2.0,3.0,0.0,1.0,1.0,1.0,0.0,United States,"Bakersfield, California",136.0,F,5.4,164.59
23c8945e72294842a31959b6bd2d5818,Jamey-Lyn Horth,1990-03-30,,['The Sound Martial Arts'],Flyweight,6.0,1.0,0.0,3.0,2.0,1.0,0.0,0.0,0.0,1.0,0.0,Canada,"Squamish, British Columbia",126.0,F,5.7,173.74
254d45cf6151447bb89d4eefe49d4ac3,Luana Pinheiro,1992-11-18,,['Nova Uniao'],Strawweight,11.0,3.0,0.0,2.0,5.0,3.0,1.0,1.0,1.0,1.0,0.0,Brazil,"Joao Pessoa, Paraiba",115.0,F,5.4,164.59
e97f205715c040c89b67e09b1d982e3f,Lucie Pudilova,1994-06-13,Bullet,['SBG Ireland'],Bantamweight,14.0,9.0,0.0,3.0,2.0,9.0,0.0,0.0,1.0,8.0,0.0,Czech Republic,Pribram,135.0,F,5.8,176.78
e4738244876f4974a0b55e6b54b9ff3b,Angela Hill,1985-01-12,Overkill,['Alliance MMA'],Strawweight,17.0,13.0,0.0,5.0,1.0,11.0,0.0,0.0,2.0,11.0,0.0,United States,"San Diego, California",115.0,F,5.3,161.54
0c6babb0f70942d099b351bdb8eb2db7,Denise Gomes,1999-12-30,,['Parana Vale Tudo'],Strawweight,8.0,3.0,0.0,6.0,0.0,2.0,0.0,1.0,0.0,2.0,0.0,Brazil,"Sant'Ana do Livramento, Rio Grande do Sul",115.0,F,5.3,161.54
824c9bfdc62a41239b05673c48036c47,Eduarda Moura,1994-02-28,Ronda,['Galpao da Luta'],Flyweight,10.0,0.0,0.0,4.0,5.0,1.0,0.0,0.0,0.0,0.0,0.0,Brazil,"Riachuelo, Sergipe",120.0,F,5.5,167.64
f0b0cac60cf54b3d8f11cf44a5c836ec,Montserrat Ruiz,1993-02-03,Conejo,['Kings MMA'],Strawweight,10.0,4.0,0.0,3.0,2.0,5.0,0.0,3.0,0.0,1.0,0.0,Mexico,"Leon, Guanajuato",115.0,F,5.0,152.4
8aaf5ce10b9044a098e57faae8e431ee,Victoria Dudakova,1999-01-26,,['ALEX Fitness'],Flyweight,8.0,0.0,0.0,2.0,4.0,2.0,0.0,0.0,0.0,0.0,0.0,Russia,Volgograd,117.0,F,5.6,170.69
6cfee918e08846ca92dcaf9feacef905,Jinh Yu Frey,1985-05-20,,['Fortis MMA'],Strawweight,11.0,10.0,0.0,1.0,2.0,8.0,0.0,3.0,1.0,6.0,0.0,United States,"Arlington, Texas",115.0,F,5.2,158.5
f2f86108bfd04eb8a50f7bdf8c7f9ffb,Jennifer Maia,1988-10-06,,['Chute Boxe'],Flyweight,21.0,10.0,0.0,4.0,5.0,12.0,0.0,1.0,1.0,8.0,0.0,Brazil,"Curitiba, Parana",125.0,F,5.4,164.59
3c5abfb5df64488780d72fae3c80415c,Tainara Lisboa,1991-03-02,Thai Panther,['Damas 013'],Bantamweight,7.0,2.0,0.0,3.0,3.0,1.0,0.0,0.0,1.0,1.0,0.0,Brazil,"Santos, Sao Paulo",134.0,F,5.7,173.74
3dbce69d13e946cd9b20a1162b94be39,Ravena Oliveira,1997-02-20,Kenoudy,['Life MMA'],Bantamweight,7.0,2.0,0.0,6.0,1.0,0.0,0.0,0.0,1.0,1.0,0.0,Brazil,"Miguel Calmon, Bahia",133.0,F,5.5,167.64
a6d7e7f7f0864d8f86d31337c3e44865,Irina Alekseeva,1990-06-27,Russian Ronda,['Raty Team'],Bantamweight,5.0,2.0,0.0,1.0,2.0,2.0,0.0,0.0,0.0,2.0,0.0,Russia,"Chelyabinsk, Chelyabinsk Oblast",135.0,F,5.8,176.78
b6df7211bb8f41dcb9e5622f0db1ae47,Emily Ducote,1994-01-01,Gordinha,['American Top Team OKC'],Strawweight,13.0,9.0,0.0,3.0,4.0,6.0,0.0,0.0,1.0,8.0,0.0,United States,"Oklahoma City, Oklahoma",116.0,F,5.2,158.5
1e200167aacc47a49ffb090ea0422b5f,Ashley Yoder,1987-10-20,The Spider Monkey,['Team Quest'],Strawweight,8.0,9.0,0.0,0.0,4.0,4.0,0.0,0.0,0.0,9.0,0.0,United States,"Temecula, California",116.0,F,5.7,173.74
488ba4b6b14c4b65b99f22c7643b9837,Vanessa Demopoulos,1988-09-22,Lil Monster,['Factory X'],Strawweight,11.0,5.0,0.0,1.0,4.0,6.0,0.0,0.0,0.0,5.0,0.0,United States,"Columbus, Ohio",115.0,F,5.2,158.5
06c90ac31ec445e4be4f97ed2e062b2c,Kanako Murata,1993-08-10,,['Combat Sports Academy'],Strawweight,12.0,3.0,0.0,2.0,4.0,6.0,0.0,1.0,1.0,1.0,0.0,Japan,"Matsuyama, Ehime",115.0,F,5.1,155.45
bb5f856711ec45a3b00b9e98e3c6d810,Montana De La Rosa,1995-02-14,,['Elevation Fight Team'],Flyweight,12.0,9.0,0.0,1.0,8.0,3.0,0.0,1.0,2.0,6.0,0.0,United States,"Helena, Montana",125.0,F,5.7,173.74
d02191a9a2b943b58ce269053431e320,Michelle Waterson-Gomez,1986-01-06,The Karate Hottie,['Jackson-Wink MMA'],Strawweight,18.0,12.0,0.0,3.0,9.0,6.0,0.0,2.0,4.0,6.0,0.0,United States,"Albuquerque, New Mexico",115.0,F,5.3,161.54
075b5c7fa2e64d10bc041922915b0b92,Mizuki Inoue,1994-08-19,,['Serra-Longo Fight Team'],Strawweight,15.0,6.0,0.0,0.0,9.0,6.0,0.0,0.0,0.0,5.0,1.0,Japan,"Toyohashi, Aichi",115.0,F,5.4,164.59
751b88759b074b92ab0a119e5f43a165,Hannah Goldy,1992-05-18,24K,['Fusion X-Cel Performance'],Strawweight,7.0,4.0,0.0,1.0,2.0,4.0,0.0,1.0,0.0,3.0,0.0,United States,"Dunedin, Florida",115.0,F,5.4,164.59
c32f457d0d274ba5a6b1b4e606277571,Tamires Vidal,1998-07-27,Tratora,['Benito Macapa Fight Team'],Bantamweight,7.0,3.0,0.0,1.0,2.0,3.0,1.0,1.0,1.0,1.0,0.0,Brazil,"Niteroi, Rio de Janeiro",135.0,F,5.6,170.69
9b552849ed8a401ca503b26dc6cacb5b,Alexa Grasso,1993-08-09,,['Lobo Gym MMA'],Flyweight,16.0,3.0,0.0,4.0,2.0,10.0,0.0,0.0,1.0,2.0,0.0,Mexico,"Guadalajara, Jalisco",125.0,F,5.5,167.64
0faf78d62d6846c480ad9f753785cc2a,Valentina Shevchenko,1988-03-07,Bullet,['Tiger Muay Thai'],Flyweight,23.0,4.0,0.0,8.0,7.0,8.0,0.0,1.0,1.0,2.0,0.0,Kyrgyzstan,Bishkek,125.0,F,5.5,167.64
da23ce53a79d4660bb50ebd0f69b585f,Elise Reed,1989-12-30,Terr-Bear,['Legacy Jiu-Jitsu'],Bantamweight,14.0,4.0,0.0,8.0,6.0,0.0,0.0,3.0,0.0,1.0,0.0,United States,"Anchorage, Alaska",135.0,F,5.1,155.45
869b0760ae204b9fa691e1dbb2229aee,Tracy Cortez,1993-12-10,,['Fight Ready'],Flyweight,11.0,1.0,0.0,1.0,1.0,9.0,0.0,0.0,1.0,0.0,0.0,United States,"Phoenix, Arizona",125.0,F,5.5,167.64
4d691304b2b84d6eaf74b33658599210,Josefine Lindgren Knutsson,1996-01-16,Little Thunder,['Allstars Training Center'],Strawweight,7.0,0.0,0.0,1.0,0.0,6.0,0.0,0.0,0.0,0.0,0.0,Sweden,"Bromma, Stockholm",115.0,F,5.3,161.54
c09942248ef74d7e9c3cdda1deb204fb,Jacqueline Cavalcanti,1997-08-29,,['Reborn Fight Team'],Featherweight,6.0,1.0,0.0,3.0,0.0,3.0,0.0,0.0,0.0,1.0,0.0,Portugal,Lisbon,139.0,F,5.9,179.83
8ed2b53ae92e44c8981c450afce20864,Zarah Fairn,1986-12-10,Infinite,['Allstars Training Center'],Featherweight,6.0,6.0,0.0,4.0,0.0,2.0,0.0,1.0,1.0,4.0,0.0,France,Paris,140.0,F,5.1,155.45
edf72c1190054ab483a31544929c0cd2,Taila Santos,1993-06-22,,['Team Taila Santos'],Flyweight,20.0,3.0,0.0,10.0,4.0,6.0,0.0,0.0,0.0,3.0,0.0,Brazil,"Jaragua do Sul, Santa Catarina",125.0,F,5.6,170.69
c28f4a50bdca49d2b973e85b5e1ed38c,Jaqueline Amorim,1995-06-24,,['American Top Team'],Strawweight,8.0,1.0,0.0,2.0,6.0,0.0,0.0,0.0,0.0,1.0,0.0,Brazil,"Manaus, Amazonas",116.0,F,5.3,161.54
d9dd0d2936bf4fc6a22f2b17aa690239,Juliana Miller,1996-05-07,Killer,['10th Planet San Diego'],Flyweight,3.0,3.0,0.0,1.0,2.0,0.0,0.0,1.0,0.0,2.0,0.0,United States,"San Diego, California",125.0,F,5.7,173.74
645b1b5bc05f435da5f53b2f4b50f6fb,Tatiana Suarez,1992-04-20,Sandman,['Elevation Fight Team'],Featherweight,17.0,4.0,0.0,7.0,3.0,7.0,0.0,0.0,1.0,3.0,0.0,United States,"Aurora, Colorado",140.0,F,5.11,155.75
446b9cf886994a3b82acf58e50cdc6bb,Ketlen Vieira,1991-08-26,Fenomeno,['Nova Uniao'],Bantamweight,14.0,3.0,0.0,2.0,4.0,8.0,0.0,1.0,0.0,2.0,0.0,Brazil,"Manaus, Amazonas",135.0,F,5.9,179.83
99f3d7f833dd4f6390014df73c1b255d,Pannie Kianzad,1991-12-08,Banzai,['Arte Suave Copenhagen'],Bantamweight,16.0,8.0,0.0,3.0,0.0,13.0,0.0,1.0,3.0,4.0,0.0,Sweden,"Helsingborg, Skane",135.0,F,5.7,173.74
99c4381e2d344c828a9ecf637e21a990,Shauna Bannon,1993-10-23,Mama B,['Holohan Martial Arts'],Strawweight,5.0,1.0,0.0,2.0,0.0,3.0,0.0,0.0,0.0,1.0,0.0,Ireland,Dublin,115.0,F,5.5,167.64
8b866035a2524d24a2cd35d20ed9d255,Chelsea Chandler,1994-01-29,,['Cesar Gracie Jiu-Jitsu'],Featherweight,6.0,2.0,0.0,2.0,1.0,3.0,0.0,0.0,0.0,2.0,0.0,United States,"Stockton, California",137.0,F,5.8,176.78
7c96e6d1cd56422eb4a3a91fa6ba00c7,Istela Nunes,1992-07-23,,"['Team Nunes', 'American Top Team']",Strawweight,6.0,5.0,1.0,2.0,0.0,4.0,0.0,2.0,2.0,1.0,0.0,Brazil,"Sao Jose dos Pinhais, Parana",115.0,F,5.4,164.59
8e56c43280e64afdbbf0d81da9be68e5,Ashlee Evans-Smith,1987-07-09,Rebel Girl,['Reign MMA'],Bantamweight,6.0,6.0,0.0,3.0,0.0,3.0,0.0,0.0,2.0,4.0,0.0,United States,"Lake Forest, California",135.0,F,5.8,176.78
d742639842bd40c99bff72d444546bd4,Melissa Gatto,1996-05-02,,['MSP'],Bantamweight,9.0,2.0,0.0,3.0,4.0,2.0,0.0,0.0,0.0,2.0,0.0,Brazil,"Campinas, Sao Paulo",135.0,F,5.5,167.64
211b49c26cb6419b823f3c90c529828a,Yana Santos,1989-11-11,Foxy,['American Top Team'],Featherweight,14.0,8.0,1.0,7.0,1.0,6.0,0.0,3.0,2.0,3.0,0.0,Russia,"Murmansk, Oblast de Murmansk",145.0,F,5.8,176.78
d2dbacbc69b54d6f9bae7fa68179e2c3,Tereza Bleda,2001-11-30,,['Reinders MMA'],Flyweight,7.0,1.0,0.0,2.0,2.0,3.0,0.0,1.0,0.0,0.0,0.0,Czech Republic,Prague,125.0,F,5.9,179.83
f51e0261bf7147a7a0afae9673cc7e1e,Gabriella Fernandes,1993-08-13,Gabi,"['MMA Masters', 'Team Jorjao']",Flyweight,8.0,3.0,0.0,3.0,2.0,3.0,0.0,0.0,0.0,3.0,0.0,Brazil,"Sao Goncalo, Rio de Janeiro",125.0,F,5.6,170.69
1afd842cbbea44ac817d9207f932c89f,Amanda Nunes,1988-05-30,Lioness,['Lioness Studio'],Bantamweight,23.0,5.0,0.0,13.0,4.0,6.0,0.0,2.0,2.0,1.0,0.0,Brazil,"Salvador, Bahia",135.0,F,5.8,176.78
f4c832858dc044e3a2da15f2f18c7cb6,Maria Oliveira,1996-12-09,Spider-Girl,['Parana Vale Tudo'],Strawweight,13.0,7.0,0.0,7.0,1.0,5.0,0.0,1.0,2.0,4.0,0.0,Brazil,"Sao Joao de Meriti, Rio de Janeiro",115.0,F,5.5,167.64
8770791ab99d4ea2ade62e0a68e095e5,Victoria Leonardo,1990-02-16,Fury,['Elite Combat Academy'],Flyweight,9.0,5.0,0.0,1.0,4.0,4.0,0.0,4.0,1.0,0.0,0.0,United States,"Shreveport, Louisiana",125.0,F,5.5,167.64
94ce6acc90d84df7853ecb341345561e,Mandy Bohm,1989-07-30,Monster,['SBG Ireland'],Flyweight,8.0,2.0,1.0,2.0,2.0,4.0,0.0,0.0,0.0,2.0,0.0,Germany,Gelsenkirchen,125.0,F,5.6,170.69
c53dd99634ca47db8f6f87ad86cec4b5,Ji Yeon Kim,1989-10-18,Fire Fist,['Syndicate MMA'],Flyweight,9.0,7.0,0.0,2.0,3.0,4.0,0.0,0.0,0.0,7.0,0.0,South Korea,Incheon,125.0,F,5.7,173.74
83ec4d2dd7b84fd089fbb8ca04d19367,Jessica-Rose Clark,1987-11-28,Jessy Jess,['Syndicate MMA'],Bantamweight,11.0,9.0,1.0,3.0,2.0,6.0,0.0,0.0,3.0,6.0,0.0,Australia,"Innisfail, Queensland",135.0,F,5.5,167.64
be78fc739509494eb711c4883e0dfadc,Hailey Cowan,1992-02-12,All Hail,['Blitz Sport'],Featherweight,7.0,3.0,0.0,2.0,2.0,3.0,0.0,0.0,2.0,1.0,0.0,United States,"Waco, Texas",138.0,F,5.8,176.78
2e07a8e5dcbf4941ab0b29c30689a76b,Brogan Walker,1989-08-02,The Bear,"['Elite Muay Thai', 'Purebred Jiu-Jitsu Academy']",Flyweight,7.0,4.0,0.0,0.0,1.0,6.0,0.0,1.0,0.0,3.0,0.0,Guam,Hagatna,126.0,F,5.4,164.59
00d33719f00f485cbe7cb9e03d33cdb0,Piera Rodriguez,1992-11-11,La Fiera,['Black House MMA'],Strawweight,9.0,2.0,0.0,5.0,0.0,4.0,0.0,0.0,1.0,0.0,1.0,Venezuela,"Maracaibo, Zulia",115.0,F,5.3,161.54
1c3f59fd0fc742999032fedb2d2e80bb,Cynthia Calvillo,1987-07-13,,['Tiger Muay Thai'],Flyweight,9.0,6.0,0.0,2.0,3.0,4.0,0.0,2.0,0.0,4.0,0.0,United States,"San Jose, California",119.0,F,5.4,164.59
5a8beaca539c4d04915d00215ea457e3,Lina Lansberg,1982-03-13,Elbow Queen,['Redline Training Center'],Bantamweight,10.0,8.0,0.0,4.0,0.0,6.0,0.0,3.0,1.0,4.0,0.0,Sweden,"Malmo, Scania",135.0,F,5.7,173.74
322ca4c14d8b4dd283846683439f68f1,Lauren Murphy,1983-07-27,Lucky,['Gracie Barra Katy'],Flyweight,16.0,6.0,0.0,8.0,1.0,7.0,0.0,1.0,0.0,5.0,0.0,United States,"Anchorage, Alaska",125.0,F,5.7,173.74
fd0dfffd1b04497a97cb571ecbfcc555,Josiane Nunes,1993-12-23,Josi,"[""Striker's House"", 'Astra Fight Team']",Bantamweight,10.0,2.0,0.0,7.0,0.0,3.0,0.0,0.0,0.0,2.0,0.0,Brazil,"Curitiba, Parana",135.0,F,5.3,161.54
4e9c3ba4c8e44ecca0c0d1eac083918c,Cory McKenna,1999-07-11,Poppins,['Team Alpha Male'],Strawweight,8.0,3.0,0.0,2.0,2.0,4.0,0.0,0.0,1.0,2.0,0.0,Wales,Cwmbran,115.0,F,5.3,161.54
c80941f8cddb44a4805125417f0be6a0,Cheyanne Vlismas,1995-06-25,The Warrior Princess,['Xtreme Couture'],Strawweight,7.0,3.0,0.0,2.0,0.0,5.0,0.0,0.0,0.0,3.0,0.0,United States,"Clearwater, Florida",116.0,F,5.4,164.59
bb30146b96454e0d9dd740ef8edccb9c,Carla Esparza,1987-10-10,Cookie Monster,['Team Oyama'],Strawweight,19.0,7.0,0.0,4.0,4.0,11.0,0.0,2.0,2.0,3.0,0.0,United States,"Redondo Beach, California",115.0,F,5.1,155.45
1b934c4581924b459fbcc8fd406fc9e0,Silvana Gomez Juarez,1984-12-06,La Malvada,['Entram Gym'],Strawweight,11.0,5.0,0.0,7.0,2.0,2.0,0.0,1.0,2.0,2.0,0.0,Argentina,"San Miguel de Tucuman, Tucuman",116.0,F,5.3,161.54
e0a8e41c70774ed58ee8212f15bf6e2a,Shanna Young,1991-02-20,The Shanimal,['Syndicate MMA'],Bantamweight,9.0,6.0,0.0,2.0,3.0,4.0,0.0,1.0,1.0,4.0,0.0,United States,"Ferrum, Virginia",129.0,F,5.7,173.74
45f7d2f2bffc4983acd8a680dc8d69f6,Ramona Pascual,1988-09-23,,['Syndicate MMA'],Featherweight,6.0,6.0,0.0,4.0,1.0,1.0,0.0,3.0,1.0,2.0,0.0,Hong Kong,,145.0,F,5.7,173.74
bf7a33dc6ae044a088355b707ce585e5,Mariya Agapova,1997-04-07,Demonslayer,['MMA Science Academy'],Flyweight,10.0,4.0,0.0,3.0,5.0,2.0,0.0,1.0,2.0,1.0,0.0,Kazakhstan,"Pavlodar, Pavlodar",125.0,F,5.6,170.69
f92cebd7573344bfb05efb3fd5d430fa,Yanan Wu,1984-10-17,,['American Kickboxing Academy'],Middleweight,16.0,6.0,0.0,6.0,8.0,2.0,0.0,5.0,0.0,1.0,0.0,United States,"San Jose, California",185.0,F,6.3,192.02
9e8a908099ac423c9b09aea9deb60f97,Nina Nunes,1985-12-03,The Strina,['Lioness Studio'],Flyweight,11.0,7.0,0.0,4.0,2.0,5.0,0.0,0.0,2.0,5.0,0.0,United States,"Fort Lauderdale, Florida",126.0,F,5.5,167.64
810ba77e35ea44008aa8019ad330646b,Miranda Granger,1992-04-13,Danger,"[""Charlie's Combat Club""]",Strawweight,7.0,3.0,0.0,1.0,5.0,1.0,0.0,0.0,2.0,1.0,0.0,United States,"Everett, Washington",115.0,F,5.7,173.74
5cda61b43def494d9a84f8d9591e4a50,Julianna Pena,1989-08-19,The Venezuelan Vixen,['SikJitsu'],Bantamweight,11.0,5.0,0.0,3.0,5.0,3.0,0.0,1.0,2.0,2.0,0.0,United States,"Spokane, Washington",135.0,F,5.7,173.74
de4392f0c67c43ce997e6d18713bb1df,Jessica Penne,1983-01-30,,['Alliance MMA'],Strawweight,14.0,7.0,0.0,2.0,8.0,4.0,0.0,2.0,2.0,3.0,0.0,United States,"Huntington Beach, California",115.0,F,5.5,167.64
4bc0ff2b3fd8464ea224e75e1b6161d1,Antonina Shevchenko,1984-11-20,La Pantera,['Tiger Muay Thai'],Flyweight,10.0,4.0,0.0,3.0,1.0,6.0,0.0,1.0,1.0,2.0,0.0,Kyrgyzstan,Bishkek,125.0,F,5.8,176.78
b9b06824abec43669e7241374ac20938,Cortney Casey,1987-05-05,Cast Iron,['MMA Lab'],Flyweight,10.0,10.0,0.0,3.0,4.0,3.0,0.0,0.0,2.0,8.0,0.0,United States,"Phoenix, Arizona",125.0,F,5.6,170.69
5b21aca19fda4de48e7776a39b5085ef,Jessica Eye,1986-07-27,Evil,['Xtreme Couture'],Flyweight,15.0,11.0,1.0,3.0,1.0,11.0,0.0,1.0,1.0,9.0,0.0,United States,"Cleveland, Ohio",126.0,F,5.6,170.69
91e9f96c9a824a6c9380c3e1e90c3673,Gloria de Paula,1995-06-10,Glorinha,['Fabiana Belai Academia'],Strawweight,6.0,6.0,0.0,3.0,0.0,3.0,0.0,1.0,0.0,5.0,0.0,Brazil,"Campinas, Sao Paulo",116.0,F,5.5,167.64
8c699369504c4524b37146dad5c76ac7,Joanna Jedrzejczyk,1987-08-18,,['American Top Team'],Strawweight,16.0,5.0,0.0,4.0,1.0,11.0,0.0,2.0,0.0,3.0,0.0,Poland,Olsztyn,115.0,F,5.6,170.69
f631e59cdb6640479afab986dd5c6f01,Poliana Botelho,1990-06-30,Tuco,['Kill Cliff FC'],Light Heavyweight,10.0,4.0,0.0,6.0,2.0,2.0,0.0,2.0,1.0,1.0,0.0,England,London,205.0,F,6.4,195.07
15fe75e4f9974a538ff1d010ad9d4719,Felice Herrig,1984-09-18,Lil Bulldog,['Team Curran'],Strawweight,14.0,10.0,0.0,1.0,4.0,9.0,0.0,0.0,2.0,8.0,0.0,United States,"Buffalo Grove, Illinois",115.0,F,5.4,164.59
d45ca56dd53b42b69ff2b1907412fa96,Macy Chiasson,1991-07-27,,['Fortis MMA'],Bantamweight,9.0,3.0,0.0,2.0,3.0,4.0,0.0,1.0,1.0,1.0,0.0,United States,"New Orleans, Louisiana",135.0,F,5.11,155.75
5ddf0f67b6964539a1cf70047d44c1c1,Ariane Carnelossi,1992-11-17,Sorriso,['Inside Muay Thai'],Strawweight,15.0,3.0,0.0,9.0,2.0,3.0,1.0,1.0,1.0,1.0,0.0,Brazil,"Presidente Prudente, Sao Paulo",115.0,F,5.2,158.5
e5e3a92a93794574b2cf1de1e911c368,Gina Mazany,1988-08-19,Danger,['Glory MMA & Fitness'],Flyweight,8.0,6.0,0.0,3.0,2.0,3.0,0.0,4.0,1.0,1.0,0.0,United States,"Anchorage, Alaska",125.0,F,5.6,170.69
0073ff7d3d3f4ae9bba78ca47898c59a,Aspen Ladd,1995-03-01,,['MMAGOLD Fight Team'],Featherweight,12.0,5.0,0.0,6.0,2.0,4.0,0.0,1.0,0.0,4.0,0.0,United States,"Folsom, California",145.0,F,5.6,170.69
0fa745df6ecc42e98089eb05fe8db7a2,Kay Hansen,1999-08-14,,['10th Planet Jiu-Jitsu Buena Park'],Flyweight,7.0,6.0,0.0,2.0,4.0,1.0,0.0,1.0,0.0,5.0,0.0,United States,"Whittier, California",119.0,F,5.3,161.54
d14f391c4fa149b1a0976fc216b4866c,Sara McMann,1980-09-24,,['Team Alpha Male'],Featherweight,14.0,7.0,0.0,1.0,5.0,8.0,0.0,2.0,4.0,1.0,0.0,United States,"Gaffney, South Carolina",145.0,F,5.5,167.64
de22203b3d3544e1b304e1a60757836c,Sabina Mazo,1997-03-25,Colombian Queen,['Teixeira MMA & Fitness'],Flyweight,10.0,4.0,0.0,2.0,1.0,7.0,0.0,0.0,2.0,2.0,0.0,Colombia,"Medellin, Antioquia",125.0,F,5.7,173.74
2a3d7f58823447f69ef91fea67cf727a,Roxanne Modafferi,1982-09-24,The Happy Warrior,['Syndicate MMA'],Flyweight,25.0,20.0,0.0,4.0,5.0,16.0,0.0,1.0,3.0,16.0,0.0,United States,"Las Vegas, Nevada",125.0,F,5.6,170.69
3ce7df1af5bd44fa9c37aba9f855c7d4,Alexis Davis,1984-10-04,Ally-Gator,['Combat Sports Academy'],Bantamweight,21.0,11.0,0.0,2.0,8.0,11.0,0.0,3.0,1.0,7.0,0.0,Canada,"Port Colborne, Ontario",135.0,F,5.6,170.69
370b4d05e06e4628a096d06305c3ccf3,Sijara Eubanks,1985-04-27,SarJ,"['Mark Henry Boxing', 'NCMMA']",Bantamweight,7.0,7.0,0.0,3.0,0.0,4.0,0.0,1.0,0.0,6.0,0.0,United States,"Brick, New Jersey",128.0,F,5.4,164.59
fb98fa0873a24595adc991d874e9de49,Mallory Martin,1994-01-29,,['Elevation Fight Team'],Strawweight,9.0,6.0,0.0,2.0,2.0,5.0,0.0,0.0,2.0,4.0,0.0,United States,"Denver, Colorado",116.0,F,5.4,164.59
c479119c5faa4492ab8fd421184abf2a,Felicia Spencer,1990-11-29,FeeNom,['The Jungle MMA'],Featherweight,9.0,3.0,0.0,3.0,4.0,2.0,0.0,0.0,0.0,3.0,0.0,United States,"Winter Park, Florida",145.0,F,5.6,170.69
0e759aaea6ed47138b0fba7a00d1df63,Leah Letson,1992-08-21,Nidas,['Pura Vida BJJ'],Featherweight,5.0,2.0,0.0,3.0,0.0,2.0,0.0,1.0,0.0,1.0,0.0,United States,"Janesville, Wisconsin",146.0,F,5.7,173.74
70f90a7e280b4c73897e2ed88473cdff,Liana Jojua,1995-03-22,She Wolf,['Syndicate MMA'],Bantamweight,7.0,6.0,0.0,1.0,5.0,1.0,0.0,2.0,1.0,3.0,0.0,Georgia,Tbilisi,129.0,F,5.4,164.59
4ec3a6afde92463e8f975f4bccdae757,Randa Markos,1985-08-10,Quiet Storm,['Michigan Top Team'],Strawweight,11.0,11.0,0.0,0.0,4.0,7.0,0.0,0.0,2.0,8.0,1.0,Canada,"Windsor, Ontario",115.0,F,5.5,167.64
65fa716ae63746d58471024e9e915ef6,Livinha Souza,1991-03-11,The Brazilian Gangster,"['Team Maximo', 'Atos Brazilian Jiu-Jitsu']",Strawweight,14.0,4.0,0.0,2.0,8.0,4.0,0.0,1.0,0.0,3.0,0.0,Brazil,"Araraquara, Sao Paulo",115.0,F,5.4,164.59
50af34e5848b4b248627dc76c1e5338f,Bethe Correia,1983-06-22,Pitbull,['CM System'],Bantamweight,11.0,6.0,0.0,2.0,0.0,9.0,0.0,2.0,1.0,3.0,0.0,Brazil,"Campina Grande, Paraiba",135.0,F,5.4,164.59
ab05a1f0f4784dd8a257b154b755ce88,Sarah Alpar,1991-06-01,Too Sweet,['American Elite MMA'],Flyweight,9.0,6.0,0.0,2.0,2.0,5.0,0.0,1.0,2.0,3.0,0.0,United States,"Amarillo, Texas",125.0,F,5.4,164.59
29a6c66cc8eb4fe29bbfcb85bdf4f647,Emily Whitmire,1991-05-24,Spitfire,['Syndicate MMA'],Flyweight,4.0,5.0,0.0,0.0,1.0,3.0,0.0,0.0,5.0,0.0,0.0,United States,"Hillsboro, Oregon",125.0,F,5.5,167.64
355fae27ab4a4dc498fb43c921a132cd,Bea Malecki,1991-08-23,Bad News Barbie,['Fortis MMA'],Bantamweight,4.0,1.0,0.0,1.0,2.0,1.0,0.0,1.0,0.0,0.0,0.0,Sweden,Stockholm,135.0,F,5.11,155.75
f7fef0edcc564422aecfcca776afc911,Marion Reneau,1977-06-20,The Belizean Bruiser,['Elite Team'],Bantamweight,9.0,8.0,0.0,5.0,3.0,1.0,0.0,1.0,0.0,7.0,0.0,United States,"Visalia, California",135.0,F,5.6,170.69
26287f0ea3a847d683472ee6692f65d1,Lara Fritzen,1995-11-14,,['Nova Uniao'],Flyweight,9.0,2.0,0.0,1.0,3.0,5.0,0.0,0.0,1.0,1.0,0.0,Brazil,"Belo Horizonte, Minas Gerais",125.0,F,5.4,164.59
8652f81eeab04a098d16d21748cdffa7,Justine Kish,1988-04-13,The Machine,['Black House'],Flyweight,9.0,6.0,0.0,0.0,2.0,7.0,0.0,0.0,1.0,5.0,0.0,United States,"Cramerton, North Carolina",125.0,F,5.5,167.64
63aa762f5da440549cc0ace6b33ba00e,Megan Anderson,1990-02-11,,['Glory MMA & Fitness'],Featherweight,11.0,5.0,0.0,6.0,3.0,2.0,0.0,0.0,3.0,2.0,0.0,Australia,"Gold Coast, Queensland",145.0,F,6.0,182.88
7eb3e23136654e20a5d323a30e6374f1,Shana Dobson,1989-03-30,Danger,['Elevation Fight Team'],Flyweight,4.0,5.0,0.0,2.0,0.0,2.0,0.0,2.0,0.0,3.0,0.0,United States,"Arlington, Texas",125.0,F,5.6,170.69
ca11c8718b5042849065b66f51295027,Vanessa Melo,1988-03-27,Miss Simpatia,"['Babuino Gold Team', 'Chute Boxe']",Lightweight,11.0,11.0,0.0,0.0,2.0,9.0,0.0,1.0,0.0,10.0,0.0,Brazil,"Sao Paulo, Sao Paulo",155.0,F,5.5,167.64
da1ad7c83cce4358a8a3b2444b9f0986,Sarah Moras,1988-04-30,Cheesecake,['Toshido Mixed Martial Arts'],Bantamweight,6.0,7.0,0.0,3.0,2.0,1.0,0.0,1.0,0.0,6.0,0.0,Canada,"Kelowna, British Columbia",135.0,F,5.7,173.74
3c6330df9d464a7b818fc84fe52c5acf,Rachael Ostovich,1991-02-25,,['Jesus Is Lord'],Flyweight,4.0,6.0,0.0,0.0,2.0,2.0,0.0,3.0,3.0,0.0,0.0,United States,"Honolulu, Hawaii",125.0,F,5.3,161.54
b39c9b3410ed4c45bdae96c11279d516,Claudia Gadelha,1988-12-07,Claudinha,"['Luttrell-Yee MMA', 'Jackson-Wink MMA']",Strawweight,18.0,5.0,0.0,2.0,7.0,9.0,0.0,0.0,0.0,5.0,0.0,Brazil,"Mossoro, Rio Grande do Norte",115.0,F,5.3,161.54
708f3ac2f285486c87ee5234bba0cffe,Liliya Shakirova,1991-10-20,,['Old School MMA'],Flyweight,8.0,2.0,0.0,3.0,1.0,4.0,0.0,0.0,1.0,1.0,0.0,Uzbekistan,Tashkent,125.0,F,5.4,164.59
6963bc09252c41c2a0ee84181b76d6a9,Mara Romero Borella,1986-06-03,Maravilla,['American Top Team'],Flyweight,12.0,9.0,2.0,3.0,4.0,5.0,0.0,4.0,3.0,2.0,0.0,Italy,"Ponte dell'Olio, Piacenza",125.0,F,5.6,170.69
738503f9cb6f450eb3471ec3948b8309,Hannah Cifers,1992-06-26,Shockwave,['Embrace Martial Arts'],Strawweight,10.0,7.0,0.0,5.0,0.0,5.0,0.0,2.0,4.0,1.0,0.0,United States,"Wake Forest, North Carolina",115.0,F,5.1,155.45
dc2d4fb7839a4850829eb3d4eaecb22b,Paige VanZant,1994-03-26,12 Gauge,['Gracie Barra Portland'],Flyweight,8.0,5.0,0.0,2.0,3.0,3.0,0.0,0.0,3.0,2.0,0.0,United States,"Sparks, Nevada",125.0,F,5.4,164.59
17bf07121dbf49b88cd6739d0526439b,Brianna Fortino,1993-08-04,Tha Bull,['American Kickboxing Academy'],Strawweight,9.0,3.0,0.0,2.0,3.0,4.0,0.0,0.0,0.0,3.0,0.0,United States,"Gilroy, California",115.0,F,4.11,125.27
3b59e1d1dfcc4cdda0fcea016cd0c618,Isabela de Padua,1991-09-04,Belinha,['Team Nikolai MMA'],Strawweight,7.0,5.0,0.0,2.0,3.0,2.0,0.0,1.0,2.0,2.0,0.0,Brazil,"Campinas, Sao Paulo",115.0,F,5.4,164.59
876bae2003db4f348b23ffe362aebfcc,Aleksandra Albu,1990-07-14,Stitch,"['Red Fury Fight Team', 'MMA-KEGI']",Strawweight,3.0,2.0,0.0,1.0,1.0,1.0,0.0,0.0,1.0,1.0,0.0,Russia,Moscow,115.0,F,5.2,158.5
8f16d444d43548bf913ec3062036cb9e,Lauren Mueller,1991-11-15,Princess Tiger,['Alliance MMA'],Bantamweight,5.0,4.0,0.0,1.0,0.0,4.0,0.0,0.0,1.0,3.0,0.0,United States,"San Diego, California",136.0,F,5.5,167.64
07ea30b2d21d4554b8c0405fe3cff865,Nadia Kassem,1995-11-15,187,['Australian Top Team'],Flyweight,5.0,2.0,0.0,4.0,0.0,1.0,0.0,1.0,1.0,0.0,0.0,Australia,"Sydney, New South Wales",120.0,F,5.5,167.64
d687e6b407c0494497bf6d6c5ec0f4fa,Jodie Esquibel,1986-05-07,,['Jackson-Wink MMA'],Strawweight,6.0,7.0,0.0,1.0,0.0,5.0,0.0,0.0,1.0,6.0,0.0,United States,"Albuquerque, New Mexico",116.0,F,5.1,155.45
1d6fa448dd2343beb39ac9c43dfe0a80,Liz Carmouche,1984-02-19,Girl-Rilla,['The Arena'],Flyweight,21.0,7.0,0.0,9.0,5.0,7.0,0.0,0.0,2.0,5.0,0.0,United States,"San Diego, California",125.0,F,5.6,170.69
38530ce404be4636b7e040e4369db00d,Cristiane Justino,1985-07-09,Cris Cyborg,"['Chute Boxe', 'The Arena']",Featherweight,27.0,2.0,1.0,21.0,1.0,5.0,0.0,1.0,1.0,0.0,0.0,Brazil,"Curitiba, Parana",145.0,F,5.8,176.78
035c60031f3d4d4fa069034a26851640,Sarah Frota,1987-04-14,A Treta,['Astra Fight Team'],Strawweight,11.0,4.0,0.0,3.0,6.0,2.0,0.0,1.0,0.0,3.0,0.0,Brazil,"Brasilia, Federal District",115.0,F,5.6,170.69
af03cb9feef242b29b9af49d8ce1b764,Nicco Montano,1988-12-16,,['Fit NHB'],Flyweight,4.0,3.0,0.0,2.0,0.0,2.0,0.0,0.0,0.0,3.0,0.0,United States,"Lukachukai, Arizona",125.0,F,5.5,167.64
db8807a909ea45a0980a0d67cba94da8,Syuri Kondo,1989-02-08,,"['Vos Gym', 'AACC']",Strawweight,6.0,3.0,0.0,1.0,0.0,5.0,0.0,1.0,0.0,2.0,0.0,Japan,"Ebina, Kanagawa",115.0,F,5.4,164.59
5ea1939b0ac14f58a9316238c9e3d713,Tonya Evinger,1981-06-04,Triple Threat,['W4R Training Center'],Bantamweight,19.0,8.0,1.0,8.0,7.0,4.0,0.0,2.0,4.0,2.0,0.0,United States,"Odessa, Missouri",135.0,F,5.7,173.74
ff60b41e0d4e45cf91906ec03992af79,Duda Santana,1996-10-01,Cowboyzinha,['Tata Fight Team'],Bantamweight,3.0,1.0,0.0,1.0,0.0,2.0,0.0,0.0,1.0,0.0,0.0,Brazil,"Rio de Janeiro, Rio de Janeiro",135.0,F,5.7,173.74
99b378260ab847f293f48dd47f07d398,Talita Bernardo,1987-03-04,,['Imperio Fight'],Bantamweight,10.0,4.0,0.0,0.0,6.0,4.0,0.0,2.0,0.0,2.0,0.0,Brazil,"Macae, Rio de Janeiro",135.0,F,5.4,164.59
6f852409983744b89be1b9d799f3223c,Jessica Aguilar,1982-05-08,Jag,['Liborio Experience'],Strawweight,20.0,10.0,0.0,2.0,8.0,10.0,0.0,0.0,2.0,8.0,0.0,United States,"Houston, Texas",107.0,F,5.3,161.54
bcf91d227e4f424aa3156beead2938cb,Cat Zingano,1982-07-01,Alpha,['Zingano Brazilian Jiu-Jitsu'],Featherweight,14.0,5.0,0.0,5.0,4.0,5.0,0.0,2.0,1.0,2.0,0.0,United States,"Broomfield, Colorado",145.0,F,5.6,170.69
656daf010ae24027b9b04460630627fa,Amanda Bobby Brundage,1991-10-22,ABC,['Scorpion Fighting System'],Flyweight,4.0,5.0,0.0,2.0,1.0,1.0,0.0,0.0,4.0,1.0,0.0,United States,"Bath, Michigan",125.0,F,5.3,161.54
ecb3ca9d970d4b27890e0d8a32e7daef,Alex Chambers,1978-10-28,Astro Girl,['American Top Team'],Strawweight,5.0,5.0,0.0,2.0,2.0,1.0,0.0,0.0,4.0,1.0,0.0,Australia,"St. Ives, New South Wales",115.0,F,5.3,161.54
1e3162f524d443ffabed6ebe6250e3dd,Kalindra Faria,1986-07-23,,['Vale Top Team'],Strawweight,19.0,10.0,0.0,7.0,6.0,6.0,0.0,1.0,4.0,5.0,0.0,Brazil,"Taubate, Sao Paulo",116.0,F,5.7,173.74
c6ea7f0554654771b523712c00de471a,Danielle Taylor,1989-10-25,Dynamite,['Saekson Muay Thai'],Strawweight,11.0,9.0,0.0,3.0,1.0,7.0,0.0,2.0,0.0,7.0,0.0,United States,"Palmdale, California",115.0,F,5.0,152.4
879d32168edb431e84c17fabde704e1a,Jamie Moyle,1989-03-17,,['Team Alpha Male'],Flyweight,4.0,4.0,0.0,0.0,1.0,3.0,0.0,0.0,0.0,4.0,0.0,United States,"Orlando, Florida",125.0,F,5.1,155.45
893149a5b38c40f18ae92054308d419f,Barb Honchak,1979-08-30,Little Warrior,"['Miletich Fighting Systems', ""Steve Berger's MMA""]",Flyweight,10.0,4.0,0.0,1.0,2.0,7.0,0.0,1.0,0.0,3.0,0.0,United States,"St. Louis, Missouri",124.0,F,5.4,164.59
9549938ab5ff4bc2927d63589cde480a,Viviane Pereira,1993-08-28,Sucuri,['Astra Fight Team'],Flyweight,16.0,3.0,0.0,4.0,3.0,9.0,0.0,0.0,0.0,3.0,0.0,Brazil,"Taua, Ceara",125.0,F,5.0,152.4
9cfb0b6a6158447eab250a0f3c8433dc,Melinda Fabian,1987-06-25,,['Budapest Top Team'],Flyweight,5.0,4.0,0.0,1.0,4.0,0.0,0.0,0.0,2.0,2.0,0.0,Hungary,Budapest,125.0,F,5.6,170.69
701ee05ab8574fa7af0f516cd758c63f,Bec Rawlings,1989-02-11,Rowdy,['Alliance MMA'],Strawweight,8.0,9.0,0.0,1.0,4.0,3.0,0.0,2.0,1.0,6.0,0.0,Australia,"Brisbane, Queensland",116.0,F,5.6,170.69
c249736e43d84c87abbdebf9d4fdcc5a,Maia Kahaunaele,1982-03-19,,"[""Joe Stevenson's Cobra Kai""]",Strawweight,6.0,5.0,0.0,3.0,2.0,1.0,0.0,1.0,2.0,2.0,0.0,United States,"Yucaipa, California",115.0,F,5.4,164.59
a231a5d56c8a42d2b4f83be2a2b54e37,Juliana Lima,1982-03-15,Ju Thai,"['Gracie Barra BH', 'Draculino Team']",Strawweight,10.0,7.0,0.0,2.0,0.0,8.0,0.0,0.0,1.0,6.0,0.0,Brazil,"Belo Horizonte, Minas Gerais",116.0,F,5.5,167.64
7b728e83e95f4fabbe6494e8057cad33,Angela Magana,1983-08-02,Your Majesty,['Independent'],Strawweight,11.0,10.0,0.0,2.0,6.0,3.0,0.0,1.0,6.0,3.0,0.0,United States,"Farmington, New Mexico",115.0,F,5.1,155.45
1460c7c7b303421582429bccfe34e24b,DeAnna Bennett,1984-11-18,Vitamin D,['Daniel Gracie Team'],Bantamweight,13.0,9.0,0.0,2.0,2.0,9.0,0.0,1.0,4.0,4.0,0.0,United States,"Orem, Utah",127.0,F,5.4,164.59
613dccdaac924163a66d7aadde4c7a24,Christina Marks,1985-11-09,,['Fight Ugly'],Flyweight,8.0,12.0,0.0,3.0,2.0,3.0,0.0,1.0,7.0,4.0,0.0,United States,"San Diego, California",125.0,F,5.7,173.74
23465bd22f3c4fa895dfa5d83b1f86ee,Karine Gevorgyan,1989-03-09,Princess,"['Professional Armfighting Federation', 'Petrosyan Dojo']",Bantamweight,3.0,3.0,0.0,0.0,3.0,0.0,0.0,1.0,2.0,0.0,0.0,Armenia,Yerevan,130.0,F,5.4,164.59
0b5ee0be5b63488ea451dc8654ef7636,Ariel Beck,1990-09-16,Sunshine,[],Flyweight,4.0,5.0,0.0,2.0,0.0,1.0,1.0,1.0,2.0,2.0,0.0,United States,"Helena, Montana",125.0,F,5.6,170.69
a5e01e709e8c4c01873d6b3778850cec,Kailin Curran,1991-04-11,,['RVCA'],Strawweight,6.0,7.0,0.0,0.0,1.0,5.0,0.0,1.0,3.0,3.0,0.0,United States,"Ewa Beach, Hawaii",113.0,F,5.4,164.59
5501a453cd0d41178ec0818b621ae45e,Pearl Gonzalez,1986-08-12,The Chi-Town Princess,['10th Planet San Diego'],Flyweight,11.0,6.0,0.0,1.0,6.0,4.0,0.0,0.0,1.0,5.0,0.0,United States,"Cicero, Illinois",125.0,F,5.4,164.59
7044df7a8cc64d5d9653085d3ca55e42,Leslie Smith,1982-08-17,The Peacemaker,['Cesar Gracie Fight Team'],Featherweight,12.0,9.0,0.0,5.0,0.0,7.0,0.0,3.0,0.0,6.0,0.0,United States,"Pleasant Hill, California",145.0,F,5.9,179.83
de51c93d5c3d45d884773178f227755d,Chanmi Jeon,1997-08-28,Ottogi Girl,['Busan Team MAD'],Flyweight,5.0,3.0,0.0,4.0,0.0,1.0,0.0,0.0,0.0,3.0,0.0,South Korea,Seoul,125.0,F,5.5,167.64
4909a6ae6c28432482d35acc053e2f30,Cindy Dandois,1984-10-26,Battlecat,['Lynx MMA'],Bantamweight,17.0,7.0,0.0,5.0,9.0,2.0,1.0,1.0,2.0,4.0,0.0,Belgium,Deurne,135.0,F,5.7,173.74
b6279ae32bb949cf9108f57656990e89,Ronda Rousey,1987-02-01,Rowdy,"['Team Hayastan', 'Glendale Fighting Club']",Bantamweight,12.0,2.0,0.0,3.0,9.0,0.0,0.0,2.0,0.0,0.0,0.0,United States,"Santa Monica, California",135.0,F,5.6,170.69
9fe4b9a923d24a68bc08fb96d1c23882,Valerie Letourneau,1983-04-29,Trouble,['American Top Team'],Strawweight,10.0,7.0,0.0,4.0,1.0,5.0,0.0,2.0,1.0,4.0,0.0,Canada,"Montreal, Quebec",116.0,F,5.7,173.74
1a5a834b2577489c847673797ea9f005,Seo Hee Ham,1987-03-08,Hamzzang,['Busan Team MAD'],Strawweight,26.0,9.0,0.0,4.0,3.0,19.0,0.0,2.0,2.0,5.0,0.0,South Korea,Busan,114.0,F,5.2,158.5
3c1dcba4f7a24de0abf1949e9ce32e32,Anna Elmose,,Panda,['Rumble Sports'],Bantamweight,3.0,2.0,0.0,3.0,0.0,0.0,0.0,1.0,0.0,1.0,0.0,Denmark,Copenhagen,135.0,F,,
39c3b621a019417bb783e2890917d4a3,Milana Dudieva,1989-04-08,,['Peresvet FT'],Flyweight,12.0,9.0,0.0,4.0,6.0,2.0,0.0,5.0,1.0,3.0,0.0,Russia,"Vladikavkaz, North Ossetia",126.0,F,5.5,167.64
936e8adbbadc42cfad6704644b761610,Kelly Faszholz,1984-04-09,,['Nor-Cal Fighting Alliance'],Bantamweight,4.0,2.0,0.0,0.0,3.0,1.0,0.0,1.0,0.0,1.0,0.0,United States,"Santa Rosa, California",135.0,F,5.8,176.78
fc22084bcf0b402a8aa382451cb8601f,Elizabeth Phillips,1985-01-16,The Ace,['Team Macho'],Middleweight,14.0,7.0,0.0,10.0,2.0,2.0,0.0,2.0,2.0,3.0,0.0,South Korea,Seoul,185.0,F,6.2,188.98
218d8643404342bcb9832f8f255d63a8,Jocelyn Jones-Lybarger,1985-10-04,,['MMA Lab'],Strawweight,6.0,4.0,0.0,0.0,1.0,5.0,0.0,0.0,1.0,3.0,0.0,United States,"Phoenix, Arizona",115.0,F,5.7,173.74
bd3d1c3c8c04433c900d9546f500a052,Heather Clark,1980-09-19,Hurricane,['Syndicate MMA'],Strawweight,8.0,6.0,0.0,2.0,3.0,3.0,0.0,1.0,0.0,5.0,0.0,United States,"Albuquerque, New Mexico",115.0,F,5.6,170.69
00ce3990ef064190ab5b832b24f069e9,Cristina Stanciu,1994-03-29,Barbie,['Planet Eater'],Strawweight,5.0,3.0,0.0,1.0,3.0,1.0,0.0,1.0,1.0,1.0,0.0,Romania,Bucharest,115.0,F,5.5,167.64
0972eb6f6e5e4b4fac506fecd307a64c,Rin Nakai,1986-10-22,,['Shooto Dojo Shikoku'],Bantamweight,27.0,2.0,0.0,9.0,12.0,6.0,0.0,0.0,0.0,2.0,0.0,Japan,"Matsuyama, Ehime",128.0,F,5.1,155.45
cc86e89b7af94592b0efb4fc183b7786,Sarah Kaufman,1985-09-20,,['Zugec Ultimate Martial Arts'],Bantamweight,22.0,5.0,1.0,11.0,2.0,9.0,0.0,0.0,3.0,2.0,0.0,Canada,"Victoria, British Columbia",135.0,F,5.5,167.64
31e4771b3c774677a9a4cf61aa638b95,Emily Kagan,1981-07-14,,['Jackson-Wink MMA'],Strawweight,3.0,3.0,0.0,0.0,0.0,3.0,0.0,0.0,2.0,1.0,0.0,United States,"Albuquerque, New Mexico",115.0,F,5.3,161.54
161f249f312646b994cb1cf9626667bd,Aisling Daly,1987-12-24,Ais the Bash,['SBG Ireland'],Strawweight,16.0,6.0,0.0,5.0,8.0,3.0,0.0,1.0,0.0,5.0,0.0,Ireland,"Dublin, Leinster",116.0,F,5.3,161.54
f0233c8287cf4a5189dede7780574635,Ericka Almeida,1989-03-05,,"['Team Nogueira', 'X-Gym', 'Herman Gutierrez Team']",Bantamweight,8.0,3.0,0.0,2.0,6.0,0.0,0.0,0.0,0.0,3.0,0.0,Brazil,"Sorocaba, Sao Paulo",135.0,F,5.6,170.69
951e81bc306d46a99695ecc85f708701,Jessamyn Duke,1986-06-24,The Gun,['UWF USA'],Bantamweight,3.0,5.0,1.0,1.0,1.0,1.0,0.0,2.0,1.0,2.0,0.0,United States,"Richmond, Kentucky",136.0,F,5.11,155.75
826e8fc8fb12444e928a868bf99e15be,Lisa Ellis,1982-11-15,,['United Training Center'],Strawweight,15.0,11.0,0.0,0.0,11.0,4.0,0.0,1.0,8.0,2.0,0.0,United States,"Olympia, Washington",110.0,F,5.4,164.59
a812bcad56e947998a50c230de0a6771,Jessica Rakoczy,1977-04-14,Ragin',[],Strawweight,1.0,5.0,1.0,1.0,0.0,0.0,0.0,2.0,1.0,2.0,0.0,Canada,"Hamilton, Ontario",115.0,F,5.7,173.74
d7fb46460f5144f3bb391a9f36ef805e,Izabela Badurek,1991-07-11,,['WCA Fight Team'],Flyweight,8.0,7.0,0.0,2.0,5.0,1.0,0.0,2.0,1.0,4.0,0.0,Poland,Lublin,125.0,F,5.4,164.59
5b4f7834469344fd9f8d7a0c7dc55281,Shayna Baszler,1980-08-08,The Queen of Spades,['UWF USA'],Lightweight,15.0,11.0,0.0,1.0,13.0,1.0,0.0,6.0,2.0,3.0,0.0,United States,"Sioux Falls, South Dakota",153.0,F,5.7,173.74
dacd296a3c4d4daf8d4f97bbeefd7748,Larissa Pacheco,1994-09-07,,['Joao Bastos Team'],Featherweight,23.0,4.0,0.0,11.0,8.0,4.0,0.0,1.0,1.0,2.0,0.0,Brazil,"Belem, Para",145.0,F,5.8,176.78
2b6bd37011724ec49666ad50b5898cb2,Alexis Dufresne,1990-08-31,Sneaky Zebra,['Team Quest'],Lightweight,6.0,3.0,0.0,3.0,3.0,0.0,0.0,1.0,0.0,2.0,0.0,United States,"Temecula, California",150.0,F,5.9,179.83
48fb30996a8847e5b58c98de09465a03,Tina Lahdemaki,1988-05-28,Jelly Bean,['RNC Sport Club'],Strawweight,5.0,1.0,0.0,1.0,2.0,2.0,0.0,0.0,0.0,1.0,0.0,Finland,"Hyvinkaa, Uusimaa",115.0,F,5.2,158.5
4d76239499854f15a0f41e3bb6b32d13,Julie Kedzie,1981-03-18,Fireball,['Jackson-Wink MMA'],Bantamweight,16.0,13.0,0.0,3.0,3.0,10.0,0.0,0.0,7.0,6.0,0.0,United States,"Bloomington, Indiana",135.0,F,5.5,167.64
8ddd6c389fd84568ba68ae196c23942f,Peggy Morgan,1979-12-06,The Daywalker,['Triumph MMA'],Featherweight,4.0,4.0,0.0,0.0,0.0,4.0,0.0,1.0,1.0,2.0,0.0,United States,"Manchester, New Hampshire",145.0,F,6.1,185.93
1775be41b82d4057b41d86f8d76acc8e,Rosi Sexton,1977-07-16,The Surgeon,['Next Generation'],Flyweight,13.0,5.0,0.0,2.0,7.0,4.0,0.0,3.0,0.0,2.0,0.0,England,"Manchester, Greater Manchester",125.0,F,5.3,161.54
69159c83202a40caa099c0f9e6a7d8e9,Sheila Gaff,1989-12-29,The German Tank,['Pyranha MMA Offenbach'],Flyweight,10.0,7.0,0.0,5.0,5.0,0.0,0.0,3.0,2.0,1.0,1.0,Germany,Offenbach,125.0,F,5.5,167.64
5ec58dea05fb46c1895d63c89c9ed5e8,Puja Tomar,1993-12-05,The Cyclone,['Soma Fight Club'],Strawweight,8.0,4.0,0.0,6.0,0.0,2.0,0.0,1.0,3.0,0.0,0.0,India,"Muzaffarnagar, Uttar Pradesh",115.0,F,4.9,149.35
9fdf3f8be173460ea4f015f9ed6fbe5e,Carli Judice,1999-03-02,Crispy,['Headkicks MMA'],Bantamweight,3.0,1.0,0.0,3.0,0.0,0.0,0.0,0.0,0.0,1.0,0.0,United States,"Lafayette, Louisiana",135.0,F,5.7,173.74
a0d0f34c57244925ab20966182222909,Julia Polastri,1998-03-05,,['CWB Fighter'],Strawweight,12.0,3.0,0.0,4.0,3.0,5.0,0.0,0.0,0.0,3.0,0.0,Brazil,"Duque de Caxias, Rio de Janeiro",115.0,F,5.2,158.5
